especie,Nanimais,exp_vida_anos,maturidade_sexual,tempo_gestacao,peso,custo_man_unidade
animais_de_fazenda,23216,NA,NA,NA,NA,NA
caes,66763,27,510,63,40000,33.17
cavia_p,203161,12,66,68,728,2.77
coelhos,156070,13,730,30,1800,5.96
gatos,20193,30,289,65,3900,NA
hamsters,106828,5,101,18,125,1.16
outras_especies,202840,NA,NA,NA,NA,NA
ovelhas,13305,23,548,146,80000,31.09
porcos,56059,27,334,115,130000,34.97
primatas_nao_humanos,109821,37,1363,166,17319,NA
